"",Document Name 1,Key Item 1,Document Name 2,Key Item 2,Value 1,Value 2,ans,Project
0,PPA,Effective Date,Site Lease,Effective Date,"February 10, 2021",,,Site Lease - GLD - Canton (ES).pdf
1,PPA,Effective Date,Site Lease,Effective Date,"September 25, 2018","June 27,2019",FALSE,Site Lease - Shine - DuQuoin.pdf
2,PPA,Effective Date,Site Lease,Effective Date,"March 14, 2019","March 14, 2019",TRUE,Site Lease - Emerald Garden - Mt Kimble.csv
3,PPA,Effective Date,O&M,Effective Date,"February 10, 2021","October 19, 2023",FALSE,Site Lease - GLD - Canton (ES).pdf
4,PPA,Effective Date,O&M,Effective Date,"September 25, 2018","July 8, 2019",FALSE,Site Lease - Shine - DuQuoin.pdf
5,PPA,Effective Date,O&M,Effective Date,5/25/18,"October 10, 2019",FALSE,
6,PPA,Effective Date,O&M,Effective Date,"March 14, 2019","June 28, 2021",FALSE,Site Lease - Emerald Garden - Mt Kimble.csv
7,PPA,Effective Date,EPC,Effective Date,"February 10, 2021","June 12, 2023",FALSE,Site Lease - GLD - Canton (ES).pdf
8,PPA,Effective Date,EPC,Effective Date,"September 25, 2018","June 5, 2019",FALSE,Site Lease - Shine - DuQuoin.pdf
9,PPA,Effective Date,EPC,Effective Date,5/25/18,"April 19, 2019",FALSE,
10,PPA,Effective Date,EPC,Effective Date,"March 14, 2019","July 1, 2019",FALSE,Site Lease - Emerald Garden - Mt Kimble.csv
11,PPA,Effective Date,Interconnection Agreement,Effective Date,"February 10, 2021","October 21, 2021",FALSE,Site Lease - GLD - Canton (ES).pdf
12,PPA,Effective Date,Interconnection Agreement,Effective Date,"September 25, 2018","February 11, 2019",FALSE,Site Lease - Shine - DuQuoin.pdf
13,PPA,Effective Date,Interconnection Agreement,Effective Date,"March 14, 2019","August 8, 2019",FALSE,Site Lease - Emerald Garden - Mt Kimble.csv
14,Site Lease,Effective Date,O&M,Effective Date,"September 9, 2018",8/22/2019,FALSE,Site Lease - Novel - Bartel (ES).pdf
15,Site Lease,Effective Date,O&M,Effective Date,,"October 19, 2023",,Site Lease - GLD - Canton (ES).pdf
16,Site Lease,Effective Date,O&M,Effective Date,"June 27,2019","July 8, 2019",FALSE,Site Lease - Shine - DuQuoin.pdf
17,Site Lease,Effective Date,O&M,Effective Date,"August 10, 2018","December 10, 2020",FALSE,Site Lease - Bullrock - Lakeville.pdf
18,Site Lease,Effective Date,O&M,Effective Date,"July 22, 2020","March 12, 2021",FALSE,Site Lease - SunRaise - Pequawket.csv
19,Site Lease,Effective Date,O&M,Effective Date,"September 30, 2019","May 19, 2020",FALSE,Site Lease - Blue Sky- Felicita Town Center.csv
20,Site Lease,Effective Date,O&M,Effective Date,"March 14, 2019","June 28, 2021",FALSE,Site Lease - Emerald Garden - Mt Kimble.csv
21,Site Lease,Effective Date,O&M,Effective Date,"February 4, 2016","November 18, 2021",FALSE,Site Green - Emerald Garden - Cape Fear.pdf
22,Site Lease,Effective Date,EPC,Effective Date,"September 9, 2018","May 24, 2019",FALSE,Site Lease - Novel - Bartel (ES).pdf
23,Site Lease,Effective Date,EPC,Effective Date,,"June 12, 2023",,Site Lease - GLD - Canton (ES).pdf
24,Site Lease,Effective Date,EPC,Effective Date,"June 27,2019","June 5, 2019",FALSE,Site Lease - Shine - DuQuoin.pdf
25,Site Lease,Effective Date,EPC,Effective Date,"August 10, 2018","October 6, 2020",FALSE,Site Lease - Bullrock - Lakeville.pdf
26,Site Lease,Effective Date,EPC,Effective Date,"July 22, 2020","July 22, 2020",TRUE,Site Lease - SunRaise - Pequawket.csv
27,Site Lease,Effective Date,EPC,Effective Date,"September 30, 2019","May 15, 2020",FALSE,Site Lease - Blue Sky- Felicita Town Center.csv
28,Site Lease,Effective Date,EPC,Effective Date,"March 14, 2019","July 1, 2019",FALSE,Site Lease - Emerald Garden - Mt Kimble.csv
29,Site Lease,Effective Date,Interconnection Agreement,Effective Date,"September 9, 2018","May 20, 2019",FALSE,Site Lease - Novel - Bartel (ES).pdf
30,Site Lease,Effective Date,Interconnection Agreement,Effective Date,,"October 21, 2021",,Site Lease - GLD - Canton (ES).pdf
31,Site Lease,Effective Date,Interconnection Agreement,Effective Date,"June 27,2019","February 11, 2019",FALSE,Site Lease - Shine - DuQuoin.pdf
32,Site Lease,Effective Date,Interconnection Agreement,Effective Date,"August 10, 2018","August 16, 2019",FALSE,Site Lease - Bullrock - Lakeville.pdf
33,Site Lease,Effective Date,Interconnection Agreement,Effective Date,"July 22, 2020","May 5, 2020",FALSE,Site Lease - SunRaise - Pequawket.csv
34,Site Lease,Effective Date,Interconnection Agreement,Effective Date,"September 30, 2019",5/26/21,FALSE,Site Lease - Blue Sky- Felicita Town Center.csv
35,Site Lease,Effective Date,Interconnection Agreement,Effective Date,"March 14, 2019","August 8, 2019",FALSE,Site Lease - Emerald Garden - Mt Kimble.csv
36,Site Lease,Effective Date,Interconnection Agreement,Effective Date,"February 4, 2016","October 1, 2015",FALSE,Site Green - Emerald Garden - Cape Fear.pdf
37,O&M,Effective Date,EPC,Effective Date,8/22/2019,"May 24, 2019",FALSE,Site Lease - Novel - Bartel (ES).pdf
38,O&M,Effective Date,EPC,Effective Date,"October 19, 2023","June 12, 2023",FALSE,Site Lease - GLD - Canton (ES).pdf
39,O&M,Effective Date,EPC,Effective Date,"July 8, 2019","June 5, 2019",FALSE,Site Lease - Shine - DuQuoin.pdf
40,O&M,Effective Date,EPC,Effective Date,"December 10, 2020","October 6, 2020",FALSE,Site Lease - Bullrock - Lakeville.pdf
41,O&M,Effective Date,EPC,Effective Date,"October 10, 2019","April 19, 2019",FALSE,
42,O&M,Effective Date,EPC,Effective Date,"March 12, 2021","July 22, 2020",FALSE,Site Lease - SunRaise - Pequawket.csv
43,O&M,Effective Date,EPC,Effective Date,"May 19, 2020","May 15, 2020",FALSE,Site Lease - Blue Sky- Felicita Town Center.csv
44,O&M,Effective Date,EPC,Effective Date,"June 28, 2021","July 1, 2019",FALSE,Site Lease - Emerald Garden - Mt Kimble.csv
45,O&M,Effective Date,Interconnection Agreement,Effective Date,8/22/2019,"May 20, 2019",FALSE,Site Lease - Novel - Bartel (ES).pdf
46,O&M,Effective Date,Interconnection Agreement,Effective Date,"October 19, 2023","October 21, 2021",FALSE,Site Lease - GLD - Canton (ES).pdf
47,O&M,Effective Date,Interconnection Agreement,Effective Date,"July 8, 2019","February 11, 2019",FALSE,Site Lease - Shine - DuQuoin.pdf
48,O&M,Effective Date,Interconnection Agreement,Effective Date,"December 10, 2020","August 16, 2019",FALSE,Site Lease - Bullrock - Lakeville.pdf
49,O&M,Effective Date,Interconnection Agreement,Effective Date,"March 12, 2021","May 5, 2020",FALSE,Site Lease - SunRaise - Pequawket.csv
50,O&M,Effective Date,Interconnection Agreement,Effective Date,"May 19, 2020",5/26/21,FALSE,Site Lease - Blue Sky- Felicita Town Center.csv
51,O&M,Effective Date,Interconnection Agreement,Effective Date,"June 28, 2021","August 8, 2019",FALSE,Site Lease - Emerald Garden - Mt Kimble.csv
52,O&M,Effective Date,Interconnection Agreement,Effective Date,"November 18, 2021","October 1, 2015",FALSE,Site Green - Emerald Garden - Cape Fear.pdf
53,EPC,Effective Date,Interconnection Agreement,Effective Date,"May 24, 2019","May 20, 2019",FALSE,Site Lease - Novel - Bartel (ES).pdf
54,EPC,Effective Date,Interconnection Agreement,Effective Date,"June 12, 2023","October 21, 2021",FALSE,Site Lease - GLD - Canton (ES).pdf
55,EPC,Effective Date,Interconnection Agreement,Effective Date,"June 5, 2019","February 11, 2019",FALSE,Site Lease - Shine - DuQuoin.pdf
56,EPC,Effective Date,Interconnection Agreement,Effective Date,"October 6, 2020","August 16, 2019",FALSE,Site Lease - Bullrock - Lakeville.pdf
57,EPC,Effective Date,Interconnection Agreement,Effective Date,"July 22, 2020","May 5, 2020",FALSE,Site Lease - SunRaise - Pequawket.csv
58,EPC,Effective Date,Interconnection Agreement,Effective Date,"May 15, 2020",5/26/21,FALSE,Site Lease - Blue Sky- Felicita Town Center.csv
59,EPC,Effective Date,Interconnection Agreement,Effective Date,"July 1, 2019","August 8, 2019",FALSE,Site Lease - Emerald Garden - Mt Kimble.csv
60,PPA,Term,Site Lease,Initial Term,20th anniversary of the Commercial Operation Date,20 years beginning on the date the Permission to Operate was issued,TRUE,Site Lease - GLD - Canton (ES).pdf
61,PPA,Term,Site Lease,Initial Term,Exhibit 1,"Begins on the Effective Date (June 27, 2019) and extends 25 years from the Commercial Operation Date (COD)",FALSE,Site Lease - Shine - DuQuoin.pdf
62,PPA,Term,Site Lease,Initial Term,25 years from Commercial Operation; extenable for 2 five year terms,25 years from the Commercial Operation Date,TRUE,Site Lease - Emerald Garden - Mt Kimble.csv
63,PPA,Term,O&M,Term,20th anniversary of the Commercial Operation Date,1 year; automatically renews,FALSE,Site Lease - GLD - Canton (ES).pdf
64,PPA,Term,O&M,Term,Exhibit 1,15 years from COD.,FALSE,Site Lease - Shine - DuQuoin.pdf
65,PPA,Term,O&M,Term,2.3,8.1,FALSE,
66,PPA,Term,O&M,Term,25 years from Commercial Operation; extenable for 2 five year terms,5 years beginning on the Commencement Date and may be extended for additional 5 year period on mutual agreement.,FALSE,Site Lease - Emerald Garden - Mt Kimble.csv
67,PPA,Term,EPC,Term,20th anniversary of the Commercial Operation Date,Shall commence performance promptly upon Owner’s issuance of such Limited Notice to Proceed.,FALSE,Site Lease - GLD - Canton (ES).pdf
68,PPA,Term,EPC,Term,Exhibit 1,"Commence upon the Effective Date, and, unless earlier terminated in accordance with this Section 14 shall remain in effect until, (i) the Project has achieved Final Completion, (ii) Contractor has performed fully its obligations under this Installation Agreement and (iii) Contractor shall have received Final Payment in respect of the Project.",FALSE,Site Lease - Shine - DuQuoin.pdf
69,PPA,Term,EPC,Term,2.3,,,
70,PPA,Term,EPC,Term,25 years from Commercial Operation; extenable for 2 five year terms,Owner will establish the Date of Commencement,FALSE,Site Lease - Emerald Garden - Mt Kimble.csv
71,PPA,Term,Interconnection Agreement,Term,20th anniversary of the Commercial Operation Date,Perpetual,FALSE,Site Lease - GLD - Canton (ES).pdf
72,PPA,Term,Interconnection Agreement,Term,Exhibit 1,3.2 - Begins Effective Date and remains in effect unless terminated by Article 3.3.,FALSE,Site Lease - Shine - DuQuoin.pdf
73,PPA,Term,Interconnection Agreement,Term,25 years from Commercial Operation; extenable for 2 five year terms,,,Site Lease - Emerald Garden - Mt Kimble.csv
74,Site Lease,Initial Term,O&M,Term,Begins on the Effective Date and extends 24 months,5 years; auto renews for three more terms (15 more years),FALSE,Site Lease - Novel - Bartel (ES).pdf
75,Site Lease,Initial Term,O&M,Term,20 years beginning on the date the Permission to Operate was issued,1 year; automatically renews,FALSE,Site Lease - GLD - Canton (ES).pdf
76,Site Lease,Initial Term,O&M,Term,"Begins on the Effective Date (June 27, 2019) and extends 25 years from the Commercial Operation Date (COD)",15 years from COD.,FALSE,Site Lease - Shine - DuQuoin.pdf
77,Site Lease,Initial Term,O&M,Term,Begin on the effective date and extend twenty-five (25 years) from the Commercial Operation Date (COD),"5 years with an automatic extension for consecutive one (1) year periods
thereafter",FALSE,Site Lease - Bullrock - Lakeville.pdf
78,Site Lease,Initial Term,O&M,Term,"Commencement Date until 240 months (20 years) from Commercial 
Operation Date","2 - System Commencement Date for a period of 5 years thereafter, then potentially extended for 1-year terms",FALSE,Site Lease - SunRaise - Pequawket.csv
79,Site Lease,Initial Term,O&M,Term,"Begins on the Effective Date (September 30,2019)  and extends 25 years.)",1,FALSE,Site Lease - Blue Sky- Felicita Town Center.csv
80,Site Lease,Initial Term,O&M,Term,25 years from the Commercial Operation Date,5 years beginning on the Commencement Date and may be extended for additional 5 year period on mutual agreement.,FALSE,Site Lease - Emerald Garden - Mt Kimble.csv
81,Site Lease,Initial Term,O&M,Term,"Begins on the Effective Date (February 4, 2016) and extends 15 years from the Commercial Operation Date (COD)",5 years beginning on the Commencement Date,FALSE,Site Green - Emerald Garden - Cape Fear.pdf
82,Site Lease,Initial Term,EPC,Term,Begins on the Effective Date and extends 24 months,,,Site Lease - Novel - Bartel (ES).pdf
83,Site Lease,Initial Term,EPC,Term,20 years beginning on the date the Permission to Operate was issued,Shall commence performance promptly upon Owner’s issuance of such Limited Notice to Proceed.,FALSE,Site Lease - GLD - Canton (ES).pdf
84,Site Lease,Initial Term,EPC,Term,"Begins on the Effective Date (June 27, 2019) and extends 25 years from the Commercial Operation Date (COD)","Commence upon the Effective Date, and, unless earlier terminated in accordance with this Section 14 shall remain in effect until, (i) the Project has achieved Final Completion, (ii) Contractor has performed fully its obligations under this Installation Agreement and (iii) Contractor shall have received Final Payment in respect of the Project.",FALSE,Site Lease - Shine - DuQuoin.pdf
85,Site Lease,Initial Term,EPC,Term,Begin on the effective date and extend twenty-five (25 years) from the Commercial Operation Date (COD),,,Site Lease - Bullrock - Lakeville.pdf
86,Site Lease,Initial Term,EPC,Term,"Commencement Date until 240 months (20 years) from Commercial 
Operation Date",Shall commence performance promptly upon Owner’s issuance of such Limited Notice to Proceed.,FALSE,Site Lease - SunRaise - Pequawket.csv
87,Site Lease,Initial Term,EPC,Term,"Begins on the Effective Date (September 30,2019)  and extends 25 years.)",,,Site Lease - Blue Sky- Felicita Town Center.csv
88,Site Lease,Initial Term,EPC,Term,25 years from the Commercial Operation Date,Owner will establish the Date of Commencement,FALSE,Site Lease - Emerald Garden - Mt Kimble.csv
89,Site Lease,Initial Term,Interconnection Agreement,Term,Begins on the Effective Date and extends 24 months,,,Site Lease - Novel - Bartel (ES).pdf
90,Site Lease,Initial Term,Interconnection Agreement,Term,20 years beginning on the date the Permission to Operate was issued,Perpetual,FALSE,Site Lease - GLD - Canton (ES).pdf
91,Site Lease,Initial Term,Interconnection Agreement,Term,"Begins on the Effective Date (June 27, 2019) and extends 25 years from the Commercial Operation Date (COD)",3.2 - Begins Effective Date and remains in effect unless terminated by Article 3.3.,FALSE,Site Lease - Shine - DuQuoin.pdf
92,Site Lease,Initial Term,Interconnection Agreement,Term,Begin on the effective date and extend twenty-five (25 years) from the Commercial Operation Date (COD),Perpetual,FALSE,Site Lease - Bullrock - Lakeville.pdf
93,Site Lease,Initial Term,Interconnection Agreement,Term,"Commencement Date until 240 months (20 years) from Commercial 
Operation Date","Effective Date for perpetuity, unless terminated in accordance with 3.3",FALSE,Site Lease - SunRaise - Pequawket.csv
94,Site Lease,Initial Term,Interconnection Agreement,Term,"Begins on the Effective Date (September 30,2019)  and extends 25 years.)",The agreement becomes effective when signed by both parties and shall remain in effect unless terminated by either party on 30 days' prior written notice,FALSE,Site Lease - Blue Sky- Felicita Town Center.csv
95,Site Lease,Initial Term,Interconnection Agreement,Term,25 years from the Commercial Operation Date,,,Site Lease - Emerald Garden - Mt Kimble.csv
96,Site Lease,Initial Term,Interconnection Agreement,Term,"Begins on the Effective Date (February 4, 2016) and extends 15 years from the Commercial Operation Date (COD)","10 years from October 1, 2015. Auto renewed annually",FALSE,Site Green - Emerald Garden - Cape Fear.pdf
97,O&M,Term,EPC,Term,5 years; auto renews for three more terms (15 more years),,,Site Lease - Novel - Bartel (ES).pdf
98,O&M,Term,EPC,Term,1 year; automatically renews,Shall commence performance promptly upon Owner’s issuance of such Limited Notice to Proceed.,FALSE,Site Lease - GLD - Canton (ES).pdf
99,O&M,Term,EPC,Term,15 years from COD.,"Commence upon the Effective Date, and, unless earlier terminated in accordance with this Section 14 shall remain in effect until, (i) the Project has achieved Final Completion, (ii) Contractor has performed fully its obligations under this Installation Agreement and (iii) Contractor shall have received Final Payment in respect of the Project.",FALSE,Site Lease - Shine - DuQuoin.pdf
100,O&M,Term,EPC,Term,"5 years with an automatic extension for consecutive one (1) year periods
thereafter",,,Site Lease - Bullrock - Lakeville.pdf
101,O&M,Term,EPC,Term,8.1,,,
102,O&M,Term,EPC,Term,"2 - System Commencement Date for a period of 5 years thereafter, then potentially extended for 1-year terms",Shall commence performance promptly upon Owner’s issuance of such Limited Notice to Proceed.,FALSE,Site Lease - SunRaise - Pequawket.csv
103,O&M,Term,EPC,Term,1,,,Site Lease - Blue Sky- Felicita Town Center.csv
104,O&M,Term,EPC,Term,5 years beginning on the Commencement Date and may be extended for additional 5 year period on mutual agreement.,Owner will establish the Date of Commencement,FALSE,Site Lease - Emerald Garden - Mt Kimble.csv
105,O&M,Term,Interconnection Agreement,Term,5 years; auto renews for three more terms (15 more years),,,Site Lease - Novel - Bartel (ES).pdf
106,O&M,Term,Interconnection Agreement,Term,1 year; automatically renews,Perpetual,FALSE,Site Lease - GLD - Canton (ES).pdf
107,O&M,Term,Interconnection Agreement,Term,15 years from COD.,3.2 - Begins Effective Date and remains in effect unless terminated by Article 3.3.,FALSE,Site Lease - Shine - DuQuoin.pdf
108,O&M,Term,Interconnection Agreement,Term,"5 years with an automatic extension for consecutive one (1) year periods
thereafter",Perpetual,FALSE,Site Lease - Bullrock - Lakeville.pdf
109,O&M,Term,Interconnection Agreement,Term,"2 - System Commencement Date for a period of 5 years thereafter, then potentially extended for 1-year terms","Effective Date for perpetuity, unless terminated in accordance with 3.3",FALSE,Site Lease - SunRaise - Pequawket.csv
110,O&M,Term,Interconnection Agreement,Term,1,The agreement becomes effective when signed by both parties and shall remain in effect unless terminated by either party on 30 days' prior written notice,FALSE,Site Lease - Blue Sky- Felicita Town Center.csv
111,O&M,Term,Interconnection Agreement,Term,5 years beginning on the Commencement Date and may be extended for additional 5 year period on mutual agreement.,,,Site Lease - Emerald Garden - Mt Kimble.csv
112,O&M,Term,Interconnection Agreement,Term,5 years beginning on the Commencement Date,"10 years from October 1, 2015. Auto renewed annually",FALSE,Site Green - Emerald Garden - Cape Fear.pdf
113,EPC,Term,Interconnection Agreement,Term,,,,Site Lease - Novel - Bartel (ES).pdf
114,EPC,Term,Interconnection Agreement,Term,Shall commence performance promptly upon Owner’s issuance of such Limited Notice to Proceed.,Perpetual,FALSE,Site Lease - GLD - Canton (ES).pdf
115,EPC,Term,Interconnection Agreement,Term,"Commence upon the Effective Date, and, unless earlier terminated in accordance with this Section 14 shall remain in effect until, (i) the Project has achieved Final Completion, (ii) Contractor has performed fully its obligations under this Installation Agreement and (iii) Contractor shall have received Final Payment in respect of the Project.",3.2 - Begins Effective Date and remains in effect unless terminated by Article 3.3.,FALSE,Site Lease - Shine - DuQuoin.pdf
116,EPC,Term,Interconnection Agreement,Term,,Perpetual,,Site Lease - Bullrock - Lakeville.pdf
117,EPC,Term,Interconnection Agreement,Term,Shall commence performance promptly upon Owner’s issuance of such Limited Notice to Proceed.,"Effective Date for perpetuity, unless terminated in accordance with 3.3",FALSE,Site Lease - SunRaise - Pequawket.csv
118,EPC,Term,Interconnection Agreement,Term,,The agreement becomes effective when signed by both parties and shall remain in effect unless terminated by either party on 30 days' prior written notice,,Site Lease - Blue Sky- Felicita Town Center.csv
119,EPC,Term,Interconnection Agreement,Term,Owner will establish the Date of Commencement,,,Site Lease - Emerald Garden - Mt Kimble.csv
120,PPA,Renewal Terms,Site Lease,Renewal Terms,,Three (3) additional five (5) year periods with written notice ninety (90) days prior to the expiration,,Site Lease - GLD - Canton (ES).pdf
121,PPA,Renewal Terms,Site Lease,Renewal Terms,Exhibit 1,2 - none,FALSE,Site Lease - Shine - DuQuoin.pdf
122,PPA,Renewal Terms,Site Lease,Renewal Terms,2 renewals at 5 years each,,,Site Lease - Emerald Garden - Mt Kimble.csv
123,PPA,Renewal Terms,O&M,Renewal,,auto renews annually unless terminated,,Site Lease - GLD - Canton (ES).pdf
124,PPA,Renewal Terms,O&M,Renewal,Exhibit 1,2 more subsequent 5 year terms.,FALSE,Site Lease - Shine - DuQuoin.pdf
125,PPA,Renewal Terms,O&M,Renewal,,8.1,,
126,PPA,Renewal Terms,O&M,Renewal,2 renewals at 5 years each,May be extended for additional 5 year periods on mutual agreement.,FALSE,Site Lease - Emerald Garden - Mt Kimble.csv
127,Site Lease,Renewal Terms,O&M,Renewal,two (2) five (5) year extensions with written notice on or before the commencement of the twenty-third (23rd) year of the Primary Term.,3 subsequent terms of 5 years each.,FALSE,Site Lease - Novel - Bartel (ES).pdf
128,Site Lease,Renewal Terms,O&M,Renewal,Three (3) additional five (5) year periods with written notice ninety (90) days prior to the expiration,auto renews annually unless terminated,FALSE,Site Lease - GLD - Canton (ES).pdf
129,Site Lease,Renewal Terms,O&M,Renewal,2 - none,2 more subsequent 5 year terms.,FALSE,Site Lease - Shine - DuQuoin.pdf
130,Site Lease,Renewal Terms,O&M,Renewal,Two (2) additional five (5) year periods with written notice Ninety (90) days prior to the expiration,An automatic extension for consecutive one (1) year periods,FALSE,Site Lease - Bullrock - Lakeville.pdf
131,Site Lease,Renewal Terms,O&M,Renewal,"Three additional five (5) year terms, at Tenant’s election","2 - after 5 years, 1 year renewals",FALSE,Site Lease - SunRaise - Pequawket.csv
132,Site Lease,Renewal Terms,O&M,Renewal,,,,Site Lease - Blue Sky- Felicita Town Center.csv
133,Site Lease,Renewal Terms,O&M,Renewal,,May be extended for additional 5 year periods on mutual agreement.,,Site Lease - Emerald Garden - Mt Kimble.csv
134,Site Lease,Renewal Terms,O&M,Renewal,Three (3) additional five (5) year periods with written notice sixty (60) days prior to the expiration,5 year extensions,FALSE,Site Green - Emerald Garden - Cape Fear.pdf
135,PPA,Provider,Interconnection Agreement,Interconnection Utility Company,Central Maine Power,Central Maine Power Company,TRUE,Site Lease - GLD - Canton (ES).pdf
136,PPA,Provider,Interconnection Agreement,Interconnection Utility Company,"GreanLife Solar, LLC b a Shine Development",Ameren Illinois Company,FALSE,Site Lease - Shine - DuQuoin.pdf
137,PPA,Provider,Interconnection Agreement,Interconnection Utility Company,"Solops, LLC","Jersey Central Power & Light Company (""JCP&L"")",FALSE,Site Lease - Emerald Garden - Mt Kimble.csv
138,PPA,Power Purchase Agreement Rate,O&M,PPA Net Energy Rate,,,,Site Lease - GLD - Canton (ES).pdf
139,PPA,Power Purchase Agreement Rate,O&M,PPA Net Energy Rate,Exhibit 1,,,Site Lease - Shine - DuQuoin.pdf
140,PPA,Power Purchase Agreement Rate,O&M,PPA Net Energy Rate,,,,
141,PPA,Power Purchase Agreement Rate,O&M,PPA Net Energy Rate,$0.114 per kilowatt hour in year 1 or $0.12 per kilowatt if the SEF is only approved for 10 years of SRECs (Annex A),$120/MWh,FALSE,Site Lease - Emerald Garden - Mt Kimble.csv
142,PPA,Renewal Terms,Site Lease,Renewal Terms,,Three (3) additional five (5) year periods with written notice ninety (90) days prior to the expiration,,Site Lease - GLD - Canton (ES).pdf
143,PPA,Renewal Terms,Site Lease,Renewal Terms,Exhibit 1,2 - none,FALSE,Site Lease - Shine - DuQuoin.pdf
144,PPA,Renewal Terms,Site Lease,Renewal Terms,2 renewals at 5 years each,,,Site Lease - Emerald Garden - Mt Kimble.csv
145,PPA,Renewal Terms,O&M,Renewal,,auto renews annually unless terminated,,Site Lease - GLD - Canton (ES).pdf
146,PPA,Renewal Terms,O&M,Renewal,Exhibit 1,2 more subsequent 5 year terms.,FALSE,Site Lease - Shine - DuQuoin.pdf
147,PPA,Renewal Terms,O&M,Renewal,,8.1,,
148,PPA,Renewal Terms,O&M,Renewal,2 renewals at 5 years each,May be extended for additional 5 year periods on mutual agreement.,FALSE,Site Lease - Emerald Garden - Mt Kimble.csv
149,Site Lease,Renewal Terms,O&M,Renewal,two (2) five (5) year extensions with written notice on or before the commencement of the twenty-third (23rd) year of the Primary Term.,3 subsequent terms of 5 years each.,FALSE,Site Lease - Novel - Bartel (ES).pdf
150,Site Lease,Renewal Terms,O&M,Renewal,Three (3) additional five (5) year periods with written notice ninety (90) days prior to the expiration,auto renews annually unless terminated,FALSE,Site Lease - GLD - Canton (ES).pdf
151,Site Lease,Renewal Terms,O&M,Renewal,2 - none,2 more subsequent 5 year terms.,FALSE,Site Lease - Shine - DuQuoin.pdf
152,Site Lease,Renewal Terms,O&M,Renewal,Two (2) additional five (5) year periods with written notice Ninety (90) days prior to the expiration,An automatic extension for consecutive one (1) year periods,FALSE,Site Lease - Bullrock - Lakeville.pdf
153,Site Lease,Renewal Terms,O&M,Renewal,"Three additional five (5) year terms, at Tenant’s election","2 - after 5 years, 1 year renewals",FALSE,Site Lease - SunRaise - Pequawket.csv
154,Site Lease,Renewal Terms,O&M,Renewal,,,,Site Lease - Blue Sky- Felicita Town Center.csv
155,Site Lease,Renewal Terms,O&M,Renewal,,May be extended for additional 5 year periods on mutual agreement.,,Site Lease - Emerald Garden - Mt Kimble.csv
156,Site Lease,Renewal Terms,O&M,Renewal,Three (3) additional five (5) year periods with written notice sixty (60) days prior to the expiration,5 year extensions,FALSE,Site Green - Emerald Garden - Cape Fear.pdf
157,Site Lease,Rent Commencement,O&M,Commencement Date,4.a - Lessee provides written notice of its election to commence the Primary Term on or before expiration of Option Term and stating commencement date for Primary Term,8/22/2019,FALSE,Site Lease - Novel - Bartel (ES).pdf
158,Site Lease,Rent Commencement,O&M,Commencement Date,Permission to Operate date,System Commencement Date,FALSE,Site Lease - GLD - Canton (ES).pdf
159,Site Lease,Rent Commencement,O&M,Commencement Date,2 - Effective Date,"July 8, 2019",FALSE,Site Lease - Shine - DuQuoin.pdf
160,Site Lease,Rent Commencement,O&M,Commencement Date,Commercial Operation Date (COD),Exhibit C [Not mentioned],FALSE,Site Lease - Bullrock - Lakeville.pdf
161,Site Lease,Rent Commencement,O&M,Commencement Date,Commercial Operation Date,,,Site Lease - SunRaise - Pequawket.csv
162,Site Lease,Rent Commencement,O&M,Commencement Date,Commercial Operation Date,,,Site Lease - Blue Sky- Felicita Town Center.csv
163,Site Lease,Rent Commencement,O&M,Commencement Date,Commercial Operation Date,When Company delivers notice to Provider that the Project is first placed into commercial operation and selling usable energy to JCP&L.,TRUE,Site Lease - Emerald Garden - Mt Kimble.csv
164,Site Lease,Rent Commencement,O&M,Commencement Date,Commercial Operation Date,1.1,FALSE,Site Green - Emerald Garden - Cape Fear.pdf
165,PPA,Offtaker,Site Lease,Lessee (Tenant) Entity Name,"Customers of PWH Properties, LLC","Canton GLC Solar, LLC",FALSE,Site Lease - GLD - Canton (ES).pdf
166,PPA,Offtaker,Site Lease,Lessee (Tenant) Entity Name,"CityofDuQuoin, Illinois","GreenLife Solar, LLC d/b/a Shine Development Partners",FALSE,Site Lease - Shine - DuQuoin.pdf
167,PPA,Offtaker,Site Lease,Lessee (Tenant) Entity Name,"HEG Energy, LLC","Solops, LLC",FALSE,Site Lease - Emerald Garden - Mt Kimble.csv
168,PPA,Offtaker,O&M,Customer,"Customers of PWH Properties, LLC","Canton GLC Solar, LLC",FALSE,Site Lease - GLD - Canton (ES).pdf
169,PPA,Offtaker,O&M,Customer,"CityofDuQuoin, Illinois","DuQuoin Solar, LLC",TRUE,Site Lease - Shine - DuQuoin.pdf
170,PPA,Offtaker,O&M,Customer,Portland General Electric Company,"Mt Hope Solar, LLC",FALSE,
171,PPA,Offtaker,O&M,Customer,"HEG Energy, LLC","Emerald Kemble,
LLC",FALSE,Site Lease - Emerald Garden - Mt Kimble.csv
172,PPA,Offtaker,EPC,Owner,"Customers of PWH Properties, LLC","Canton GLC Solar, LLC",FALSE,Site Lease - GLD - Canton (ES).pdf
173,PPA,Offtaker,EPC,Owner,"CityofDuQuoin, Illinois",SHINE DEVELOPMENT PARTNERS,FALSE,Site Lease - Shine - DuQuoin.pdf
174,PPA,Offtaker,EPC,Owner,Portland General Electric Company,"Mt Hope Solar, LLC",FALSE,
175,PPA,Offtaker,EPC,Owner,"HEG Energy, LLC","SOLOPS, LLC",FALSE,Site Lease - Emerald Garden - Mt Kimble.csv
176,PPA,Offtaker,Interconnection Agreement,Interconnection Customer,"Customers of PWH Properties, LLC",PWH Properties LLC,FALSE,Site Lease - GLD - Canton (ES).pdf
177,PPA,Offtaker,Interconnection Agreement,Interconnection Customer,"CityofDuQuoin, Illinois",City of DuQuoin,TRUE,Site Lease - Shine - DuQuoin.pdf
178,PPA,Offtaker,Interconnection Agreement,Interconnection Customer,"HEG Energy, LLC",Mount Kemble Morristown,FALSE,Site Lease - Emerald Garden - Mt Kimble.csv
179,PPA,Nameplate Capacity,O&M,Nameplate Capacity,Less than 5 MW,4653 kW,TRUE,Site Lease - GLD - Canton (ES).pdf
180,PPA,Nameplate Capacity,O&M,Nameplate Capacity,Exhibit 2,231.84 Kw DC,FALSE,Site Lease - Shine - DuQuoin.pdf
181,PPA,Nameplate Capacity,O&M,Nameplate Capacity,Exhibit A - 2.5 MW AC,,,
182,PPA,Nameplate Capacity,O&M,Nameplate Capacity,Annex B (to be updated with As-Built  after construction),3.334 (MWDC),FALSE,Site Lease - Emerald Garden - Mt Kimble.csv
183,PPA,Nameplate Capacity,EPC,System Size,Less than 5 MW,Exhibit A,FALSE,Site Lease - GLD - Canton (ES).pdf
184,PPA,Nameplate Capacity,EPC,System Size,Exhibit 2,226.3 kW DC; 226.3 Kw DC,FALSE,Site Lease - Shine - DuQuoin.pdf
185,PPA,Nameplate Capacity,EPC,System Size,Exhibit A - 2.5 MW AC,"3,251.3 kW (DC)",FALSE,
186,PPA,Nameplate Capacity,EPC,System Size,Annex B (to be updated with As-Built  after construction),"552,750 DC Watts",FALSE,Site Lease - Emerald Garden - Mt Kimble.csv
187,PPA,Nameplate Capacity,Interconnection Agreement,Nameplate Capacity (System Size),Less than 5 MW,3.00 MW,TRUE,Site Lease - GLD - Canton (ES).pdf
188,PPA,Nameplate Capacity,Interconnection Agreement,Nameplate Capacity (System Size),Exhibit 2,226 kW DC,FALSE,Site Lease - Shine - DuQuoin.pdf
189,PPA,Nameplate Capacity,Interconnection Agreement,Nameplate Capacity (System Size),Annex B (to be updated with As-Built  after construction),1248 KW AC,FALSE,Site Lease - Emerald Garden - Mt Kimble.csv
190,PPA,Nameplate Capacity,Interconnection Agreement,Nameplate Capacity Limits,Less than 5 MW,Not to exceed 3 MW,FALSE,Site Lease - GLD - Canton (ES).pdf
191,PPA,Nameplate Capacity,Interconnection Agreement,Nameplate Capacity Limits,Exhibit 2,,,Site Lease - Shine - DuQuoin.pdf
192,PPA,Nameplate Capacity,Interconnection Agreement,Nameplate Capacity Limits,Annex B (to be updated with As-Built  after construction),,,Site Lease - Emerald Garden - Mt Kimble.csv
193,O&M,Nameplate Capacity,EPC,System Size,"1,404 kW DC",1.4 MWDC,TRUE,Site Lease - Novel - Bartel (ES).pdf
194,O&M,Nameplate Capacity,EPC,System Size,4653 kW,Exhibit A,FALSE,Site Lease - GLD - Canton (ES).pdf
195,O&M,Nameplate Capacity,EPC,System Size,231.84 Kw DC,226.3 kW DC; 226.3 Kw DC,FALSE,Site Lease - Shine - DuQuoin.pdf
196,O&M,Nameplate Capacity,EPC,System Size,4114.11 KW,4.06068 MW (DC),FALSE,Site Lease - Bullrock - Lakeville.pdf
197,O&M,Nameplate Capacity,EPC,System Size,,"3,251.3 kW (DC)",,
198,O&M,Nameplate Capacity,EPC,System Size,"Exhibit A - 6,850","7,067.450 kW DC",FALSE,Site Lease - SunRaise - Pequawket.csv
199,O&M,Nameplate Capacity,EPC,System Size,,640.68 kw DC,,Site Lease - Blue Sky- Felicita Town Center.csv
200,O&M,Nameplate Capacity,EPC,System Size,3.334 (MWDC),"552,750 DC Watts",FALSE,Site Lease - Emerald Garden - Mt Kimble.csv
201,O&M,Nameplate Capacity,Interconnection Agreement,Nameplate Capacity (System Size),"1,404 kW DC",1000 KW,FALSE,Site Lease - Novel - Bartel (ES).pdf
202,O&M,Nameplate Capacity,Interconnection Agreement,Nameplate Capacity (System Size),4653 kW,3.00 MW,FALSE,Site Lease - GLD - Canton (ES).pdf
203,O&M,Nameplate Capacity,Interconnection Agreement,Nameplate Capacity (System Size),231.84 Kw DC,226 kW DC,FALSE,Site Lease - Shine - DuQuoin.pdf
204,O&M,Nameplate Capacity,Interconnection Agreement,Nameplate Capacity (System Size),4114.11 KW,2 MW,FALSE,Site Lease - Bullrock - Lakeville.pdf
205,O&M,Nameplate Capacity,Interconnection Agreement,Nameplate Capacity (System Size),"Exhibit A - 6,850",[asked for this already],FALSE,Site Lease - SunRaise - Pequawket.csv
206,O&M,Nameplate Capacity,Interconnection Agreement,Nameplate Capacity (System Size),,592.47 kW,,Site Lease - Blue Sky- Felicita Town Center.csv
207,O&M,Nameplate Capacity,Interconnection Agreement,Nameplate Capacity (System Size),3.334 (MWDC),1248 KW AC,FALSE,Site Lease - Emerald Garden - Mt Kimble.csv
208,O&M,Nameplate Capacity,Interconnection Agreement,Nameplate Capacity (System Size),2.644 DC / 1.99 AC,"1,999 KW AC",TRUE,Site Green - Emerald Garden - Cape Fear.pdf
209,O&M,Nameplate Capacity,Interconnection Agreement,Nameplate Capacity Limits,"1,404 kW DC",Not to exceed 1 MW,FALSE,Site Lease - Novel - Bartel (ES).pdf
210,O&M,Nameplate Capacity,Interconnection Agreement,Nameplate Capacity Limits,4653 kW,Not to exceed 3 MW,FALSE,Site Lease - GLD - Canton (ES).pdf
211,O&M,Nameplate Capacity,Interconnection Agreement,Nameplate Capacity Limits,231.84 Kw DC,,,Site Lease - Shine - DuQuoin.pdf
212,O&M,Nameplate Capacity,Interconnection Agreement,Nameplate Capacity Limits,4114.11 KW,Not to exceed 2 MW,FALSE,Site Lease - Bullrock - Lakeville.pdf
213,O&M,Nameplate Capacity,Interconnection Agreement,Nameplate Capacity Limits,"Exhibit A - 6,850",,,Site Lease - SunRaise - Pequawket.csv
214,O&M,Nameplate Capacity,Interconnection Agreement,Nameplate Capacity Limits,,,,Site Lease - Blue Sky- Felicita Town Center.csv
215,O&M,Nameplate Capacity,Interconnection Agreement,Nameplate Capacity Limits,3.334 (MWDC),,,Site Lease - Emerald Garden - Mt Kimble.csv
216,O&M,Nameplate Capacity,Interconnection Agreement,Nameplate Capacity Limits,2.644 DC / 1.99 AC,,,Site Green - Emerald Garden - Cape Fear.pdf
217,EPC,System Size,Interconnection Agreement,Nameplate Capacity (System Size),1.4 MWDC,1000 KW,FALSE,Site Lease - Novel - Bartel (ES).pdf
218,EPC,System Size,Interconnection Agreement,Nameplate Capacity (System Size),Exhibit A,3.00 MW,FALSE,Site Lease - GLD - Canton (ES).pdf
219,EPC,System Size,Interconnection Agreement,Nameplate Capacity (System Size),226.3 kW DC; 226.3 Kw DC,226 kW DC,TRUE,Site Lease - Shine - DuQuoin.pdf
220,EPC,System Size,Interconnection Agreement,Nameplate Capacity (System Size),4.06068 MW (DC),2 MW,FALSE,Site Lease - Bullrock - Lakeville.pdf
221,EPC,System Size,Interconnection Agreement,Nameplate Capacity (System Size),"7,067.450 kW DC",[asked for this already],FALSE,Site Lease - SunRaise - Pequawket.csv
222,EPC,System Size,Interconnection Agreement,Nameplate Capacity (System Size),640.68 kw DC,592.47 kW,FALSE,Site Lease - Blue Sky- Felicita Town Center.csv
223,EPC,System Size,Interconnection Agreement,Nameplate Capacity (System Size),"552,750 DC Watts",1248 KW AC,FALSE,Site Lease - Emerald Garden - Mt Kimble.csv
224,EPC,System Size,Interconnection Agreement,Nameplate Capacity Limits,1.4 MWDC,Not to exceed 1 MW,FALSE,Site Lease - Novel - Bartel (ES).pdf
225,EPC,System Size,Interconnection Agreement,Nameplate Capacity Limits,Exhibit A,Not to exceed 3 MW,FALSE,Site Lease - GLD - Canton (ES).pdf
226,EPC,System Size,Interconnection Agreement,Nameplate Capacity Limits,226.3 kW DC; 226.3 Kw DC,,,Site Lease - Shine - DuQuoin.pdf
227,EPC,System Size,Interconnection Agreement,Nameplate Capacity Limits,4.06068 MW (DC),Not to exceed 2 MW,FALSE,Site Lease - Bullrock - Lakeville.pdf
228,EPC,System Size,Interconnection Agreement,Nameplate Capacity Limits,"7,067.450 kW DC",,,Site Lease - SunRaise - Pequawket.csv
229,EPC,System Size,Interconnection Agreement,Nameplate Capacity Limits,640.68 kw DC,,,Site Lease - Blue Sky- Felicita Town Center.csv
230,EPC,System Size,Interconnection Agreement,Nameplate Capacity Limits,"552,750 DC Watts",,,Site Lease - Emerald Garden - Mt Kimble.csv
231,Interconnection Agreement,Nameplate Capacity (System Size),Interconnection Agreement,Nameplate Capacity Limits,1000 KW,Not to exceed 1 MW,TRUE,Site Lease - Novel - Bartel (ES).pdf
232,Interconnection Agreement,Nameplate Capacity (System Size),Interconnection Agreement,Nameplate Capacity Limits,3.00 MW,Not to exceed 3 MW,TRUE,Site Lease - GLD - Canton (ES).pdf
233,Interconnection Agreement,Nameplate Capacity (System Size),Interconnection Agreement,Nameplate Capacity Limits,226 kW DC,,,Site Lease - Shine - DuQuoin.pdf
234,Interconnection Agreement,Nameplate Capacity (System Size),Interconnection Agreement,Nameplate Capacity Limits,2 MW,Not to exceed 2 MW,TRUE,Site Lease - Bullrock - Lakeville.pdf
235,Interconnection Agreement,Nameplate Capacity (System Size),Interconnection Agreement,Nameplate Capacity Limits,[asked for this already],,,Site Lease - SunRaise - Pequawket.csv
236,Interconnection Agreement,Nameplate Capacity (System Size),Interconnection Agreement,Nameplate Capacity Limits,592.47 kW,,,Site Lease - Blue Sky- Felicita Town Center.csv
237,Interconnection Agreement,Nameplate Capacity (System Size),Interconnection Agreement,Nameplate Capacity Limits,1248 KW AC,,,Site Lease - Emerald Garden - Mt Kimble.csv
238,Interconnection Agreement,Nameplate Capacity (System Size),Interconnection Agreement,Nameplate Capacity Limits,"1,999 KW AC",,,Site Green - Emerald Garden - Cape Fear.pdf
239,PPA,Projected Production,O&M,Year 1 Production,Less than 5 MW,,,Site Lease - GLD - Canton (ES).pdf
240,PPA,Projected Production,O&M,Year 1 Production,Exhibit 2,,,Site Lease - Shine - DuQuoin.pdf
241,PPA,Projected Production,O&M,Year 1 Production,"Exhibit A - 5,131,700 kWh in first year; 3.1.9 says average Net Output delivered by the Facility to be 4,447,757 kWh",,,
242,PPA,Projected Production,O&M,Year 1 Production,Annex B,"4,214.33 MWh",FALSE,Site Lease - Emerald Garden - Mt Kimble.csv
